"Дата","Цена","Откр.","Макс.","Мин.","Объём","Изм. %"
"31.12.2019","5,89","5,88","5,92","5,86","81,63M","0,00%"
"30.12.2019","5,89","5,78","5,90","5,77","114,68M","1,90%"
"27.12.2019","5,78","5,84","5,88","5,78","84,79M","-0,86%"
"26.12.2019","5,83","5,82","5,84","5,78","53,97M","0,17%"
"25.12.2019","5,82","5,80","5,85","5,77","56,05M","0,34%"
"24.12.2019","5,80","5,80","5,82","5,74","59,75M","0,00%"
"23.12.2019","5,80","5,88","5,95","5,79","118,41M","-1,36%"
"20.12.2019","5,88","5,89","5,95","5,84","136,68M","0,00%"
"19.12.2019","5,88","5,85","5,92","5,83","106,92M","0,68%"
"18.12.2019","5,84","5,87","5,94","5,83","106,84M","-0,68%"
"17.12.2019","5,88","5,83","5,93","5,79","130,65M","1,03%"
"16.12.2019","5,82","5,75","5,83","5,74","96,00M","1,39%"
"13.12.2019","5,74","5,69","5,75","5,67","91,60M","1,59%"
"12.12.2019","5,65","5,69","5,70","5,64","57,27M","-0,88%"
"11.12.2019","5,70","5,68","5,72","5,63","70,15M","0,71%"
"10.12.2019","5,66","5,64","5,67","5,62","45,82M","0,00%"
"09.12.2019","5,66","5,67","5,70","5,65","57,38M","0,18%"
"06.12.2019","5,65","5,62","5,65","5,56","60,28M","1,25%"
"05.12.2019","5,58","5,53","5,60","5,51","79,88M","1,27%"
"04.12.2019","5,51","5,60","5,60","5,41","127,90M","-1,96%"
"03.12.2019","5,62","5,61","5,62","5,56","47,21M","-0,18%"
"02.12.2019","5,63","5,73","5,74","5,60","74,15M","-1,40%"
"29.11.2019","5,71","5,70","5,73","5,68","42,96M","-0,35%"
"28.11.2019","5,73","5,77","5,79","5,69","65,44M","-0,87%"
"27.11.2019","5,78","5,79","5,83","5,77","43,83M","-0,86%"
"26.11.2019","5,83","5,80","5,86","5,80","87,64M","0,87%"
"25.11.2019","5,78","5,80","5,82","5,73","55,51M","-0,17%"
"22.11.2019","5,79","5,84","5,88","5,76","55,82M","-0,69%"
"21.11.2019","5,83","5,82","5,86","5,78","41,79M","-0,34%"
"20.11.2019","5,85","5,85","5,92","5,83","48,49M","-0,51%"
"19.11.2019","5,88","5,79","5,88","5,76","60,20M","1,55%"
"18.11.2019","5,79","5,75","5,81","5,75","48,56M","0,70%"
"15.11.2019","5,75","5,85","5,85","5,74","80,22M","-1,71%"
"14.11.2019","5,85","5,84","5,87","5,82","50,30M","0,00%"
"13.11.2019","5,85","5,80","5,88","5,76","61,51M","0,17%"
"12.11.2019","5,84","5,82","5,85","5,73","74,00M","0,52%"
"11.11.2019","5,81","5,93","5,93","5,80","128,42M","-2,52%"
"08.11.2019","5,96","6,07","6,10","5,96","119,69M","-1,49%"
"07.11.2019","6,05","6,07","6,10","6,03","75,75M","-0,49%"
"06.11.2019","6,08","6,17","6,20","6,04","93,06M","-1,62%"
"05.11.2019","6,18","6,18","6,20","6,11","105,89M","0,32%"
"04.11.2019","6,16","6,18","6,23","6,15","113,74M","0,00%"
"01.11.2019","6,16","6,15","6,21","6,11","101,10M","0,33%"
"31.10.2019","6,14","6,16","6,22","6,11","122,02M","0,16%"
"30.10.2019","6,13","6,06","6,23","6,02","121,66M","0,49%"
"29.10.2019","6,10","6,16","6,18","6,09","104,04M","-1,45%"
"28.10.2019","6,19","6,03","6,20","6,02","209,49M","4,03%"
"25.10.2019","5,95","5,91","5,96","5,85","76,49M","0,51%"
"24.10.2019","5,92","5,93","5,95","5,89","62,00M","0,00%"
"23.10.2019","5,92","6,06","6,08","5,89","140,48M","-2,63%"
"22.10.2019","6,08","6,15","6,16","6,02","119,50M","-1,30%"
"21.10.2019","6,16","6,08","6,17","6,00","85,39M","1,15%"
"18.10.2019","6,09","6,22","6,24","6,08","85,52M","-1,62%"
"17.10.2019","6,19","6,09","6,21","6,08","79,53M","1,48%"
"16.10.2019","6,10","6,17","6,23","6,09","89,00M","-1,45%"
"15.10.2019","6,19","6,15","6,25","6,10","127,80M","0,65%"
"14.10.2019","6,15","6,16","6,22","6,12","139,01M","0,49%"
"11.10.2019","6,12","6,11","6,13","6,01","91,17M","0,49%"
"10.10.2019","6,09","6,05","6,11","6,03","74,98M","0,50%"
"09.10.2019","6,06","6,00","6,07","5,96","47,51M","0,50%"
"08.10.2019","6,03","6,01","6,12","6,01","63,36M","0,33%"
"30.09.2019","6,01","6,07","6,12","6,00","50,49M","-1,15%"
"27.09.2019","6,08","6,06","6,12","6,03","57,42M","0,83%"
"26.09.2019","6,03","6,13","6,16","6,01","100,29M","-1,63%"
"25.09.2019","6,13","6,14","6,25","6,12","113,74M","-0,97%"
"24.09.2019","6,19","6,13","6,28","6,09","132,27M","1,31%"
"23.09.2019","6,11","6,17","6,18","6,06","105,82M","-1,29%"
"20.09.2019","6,19","6,24","6,25","6,15","116,77M","-0,96%"
"19.09.2019","6,25","6,20","6,25","6,16","115,59M","1,13%"
"18.09.2019","6,18","6,25","6,25","6,16","96,79M","-0,48%"
"17.09.2019","6,21","6,36","6,39","6,18","182,27M","-2,66%"
"16.09.2019","6,38","6,43","6,45","6,33","138,71M","-0,78%"
"12.09.2019","6,43","6,48","6,49","6,35","185,70M","0,00%"
"11.09.2019","6,43","6,60","6,63","6,41","342,57M","-3,89%"
"10.09.2019","6,69","6,90","6,96","6,55","629,14M","5,69%"
"09.09.2019","6,33","6,27","6,33","6,18","255,69M","2,26%"
"06.09.2019","6,19","6,07","6,28","6,05","255,28M","2,65%"
"05.09.2019","6,03","6,12","6,18","6,01","205,84M","-0,66%"
"04.09.2019","6,07","5,96","6,09","5,93","141,03M","1,34%"
"03.09.2019","5,99","5,96","6,03","5,94","101,94M","0,67%"
"02.09.2019","5,95","5,85","5,99","5,84","101,39M","1,71%"
"30.08.2019","5,85","5,99","6,02","5,81","102,66M","-1,68%"
"29.08.2019","5,95","5,94","6,01","5,91","71,95M","0,34%"
"28.08.2019","5,93","6,03","6,03","5,90","94,53M","-1,82%"
"27.08.2019","6,04","6,02","6,08","5,97","172,65M","1,17%"
"26.08.2019","5,97","5,95","6,04","5,87","139,60M","-1,32%"
"23.08.2019","6,05","6,14","6,15","6,01","114,73M","-1,63%"
"22.08.2019","6,15","6,16","6,23","6,06","144,13M","0,00%"
"21.08.2019","6,15","5,91","6,23","5,91","311,95M","2,84%"
"20.08.2019","5,98","5,89","6,11","5,86","321,92M","3,82%"
"19.08.2019","5,76","5,60","5,78","5,60","171,93M","2,31%"
"16.08.2019","5,63","5,68","5,71","5,62","155,49M","-1,92%"
"15.08.2019","5,74","5,33","5,77","5,30","287,89M","5,90%"
"14.08.2019","5,42","5,47","5,52","5,39","65,42M","0,18%"
"13.08.2019","5,41","5,36","5,44","5,32","77,70M","0,00%"
"12.08.2019","5,41","5,30","5,42","5,29","83,95M","2,27%"
"09.08.2019","5,29","5,46","5,48","5,28","116,23M","-2,94%"
"08.08.2019","5,45","5,45","5,48","5,42","57,01M","0,55%"
"07.08.2019","5,42","5,48","5,50","5,41","65,06M","-0,55%"
"06.08.2019","5,45","5,50","5,51","5,33","138,93M","-2,85%"
"05.08.2019","5,61","5,69","5,72","5,61","86,27M","-1,75%"
"02.08.2019","5,71","5,75","5,75","5,69","116,83M","-2,73%"
"01.08.2019","5,87","5,90","5,92","5,85","63,91M","-1,01%"
"31.07.2019","5,93","5,94","5,96","5,92","48,69M","-0,67%"
"30.07.2019","5,97","5,96","6,01","5,94","64,42M","-0,17%"
"29.07.2019","5,98","5,95","5,99","5,94","59,51M","0,34%"
"26.07.2019","5,96","5,92","5,99","5,90","65,83M","0,17%"
"25.07.2019","5,95","5,96","5,98","5,92","63,22M","0,00%"
"24.07.2019","5,95","5,87","5,98","5,87","91,06M","1,71%"
"23.07.2019","5,85","5,85","5,87","5,81","53,13M","0,34%"
"22.07.2019","5,83","5,94","5,95","5,82","76,88M","-1,69%"
"19.07.2019","5,93","5,94","5,99","5,92","50,01M","0,17%"
"18.07.2019","5,92","5,97","5,97","5,90","57,77M","-1,17%"
"17.07.2019","5,99","5,99","6,02","5,96","52,46M","-0,17%"
"16.07.2019","6,00","5,98","6,03","5,96","60,34M","0,33%"
"15.07.2019","5,98","5,92","6,03","5,84","86,44M","0,34%"
"12.07.2019","5,96","5,95","6,00","5,89","52,35M","0,00%"
"11.07.2019","5,96","5,97","6,03","5,92","60,62M","0,68%"
"10.07.2019","5,92","5,97","5,99","5,90","55,63M","-0,67%"
"09.07.2019","5,96","5,97","6,00","5,88","95,61M","-0,83%"
"08.07.2019","6,01","6,18","6,19","5,97","140,30M","-3,06%"
"05.07.2019","6,20","6,22","6,22","6,17","70,53M","-0,16%"
"04.07.2019","6,21","6,20","6,25","6,18","73,17M","0,16%"
"03.07.2019","6,20","6,28","6,29","6,16","113,03M","-1,59%"
"02.07.2019","6,30","6,32","6,38","6,28","119,37M","-0,47%"
"01.07.2019","6,33","6,29","6,34","6,21","223,19M","2,76%"
"28.06.2019","6,16","6,19","6,20","6,12","73,73M","-0,81%"
"27.06.2019","6,21","6,14","6,27","6,12","145,20M","0,65%"
"26.06.2019","6,17","6,13","6,21","6,09","62,90M","0,33%"
"25.06.2019","6,15","6,24","6,24","6,11","110,59M","-1,28%"
"24.06.2019","6,23","6,23","6,27","6,19","105,54M","-0,64%"
"21.06.2019","6,27","6,26","6,32","6,22","179,34M","0,32%"
"20.06.2019","6,25","6,11","6,28","6,10","229,16M","2,46%"
"19.06.2019","6,10","6,20","6,25","6,08","157,00M","0,49%"
"18.06.2019","6,07","6,08","6,10","6,01","69,73M","0,00%"
"17.06.2019","6,07","6,05","6,10","6,03","62,72M","0,00%"
"14.06.2019","6,07","6,17","6,18","6,04","126,35M","-1,46%"
"13.06.2019","6,16","6,18","6,22","6,13","113,86M","-0,32%"
"12.06.2019","6,18","6,23","6,27","6,16","148,28M","-1,59%"
"11.06.2019","6,28","6,18","6,30","6,03","256,34M","1,78%"
"10.06.2019","6,17","6,12","6,26","6,10","175,40M","1,48%"
"06.06.2019","6,08","6,38","6,38","6,04","284,93M","-3,95%"
"05.06.2019","6,33","6,20","6,45","6,17","305,14M","3,26%"
"04.06.2019","6,13","6,16","6,29","6,09","219,80M","0,66%"
"03.06.2019","6,09","5,94","6,24","5,91","256,00M","2,70%"
"31.05.2019","5,93","5,92","5,98","5,89","76,87M","0,00%"
"30.05.2019","5,93","5,93","5,95","5,86","90,15M","-0,67%"
"29.05.2019","5,97","5,93","6,03","5,90","120,62M","-1,32%"
"28.05.2019","6,05","5,87","6,06","5,85","203,36M","3,24%"
"27.05.2019","5,86","5,75","5,89","5,73","109,96M","2,45%"
"24.05.2019","5,72","5,82","5,87","5,71","110,57M","-2,05%"
"23.05.2019","5,84","5,93","5,93","5,82","107,52M","-2,01%"
"22.05.2019","5,96","6,00","6,07","5,93","116,31M","-1,00%"
"21.05.2019","6,02","5,88","6,07","5,84","164,94M","2,38%"
"20.05.2019","5,88","5,82","5,95","5,79","116,25M","0,51%"
"17.05.2019","5,85","6,01","6,06","5,83","148,17M","-2,99%"
"16.05.2019","6,03","6,08","6,09","5,97","146,04M","-0,99%"
"15.05.2019","6,09","6,04","6,12","6,02","158,74M","1,67%"
"14.05.2019","5,99","5,87","6,06","5,83","148,62M","0,67%"
"13.05.2019","5,95","5,97","6,02","5,91","112,56M","-1,98%"
"10.05.2019","6,07","5,88","6,09","5,75","235,16M","4,30%"
"09.05.2019","5,82","5,91","5,96","5,75","148,42M","-2,51%"
"08.05.2019","5,97","5,95","6,06","5,90","167,18M","-1,81%"
"07.05.2019","6,08","6,12","6,16","5,94","184,50M","0,33%"
"06.05.2019","6,06","6,45","6,45","6,00","293,20M","-9,15%"
"30.04.2019","6,67","6,65","6,76","6,63","146,32M","-0,60%"
"29.04.2019","6,71","6,73","6,86","6,60","220,90M","0,00%"
"26.04.2019","6,71","6,77","6,87","6,69","184,67M","-1,61%"
"25.04.2019","6,82","7,06","7,07","6,78","298,15M","-3,94%"
"24.04.2019","7,10","7,08","7,19","6,97","263,12M","1,00%"
"23.04.2019","7,03","7,29","7,32","6,98","344,02M","-2,77%"
"22.04.2019","7,23","7,18","7,48","7,11","640,48M","1,12%"
"19.04.2019","7,15","6,81","7,15","6,80","465,14M","4,08%"
"18.04.2019","6,87","6,84","7,07","6,80","275,69M","0,29%"
"17.04.2019","6,85","6,94","6,95","6,81","235,67M","-1,15%"
"16.04.2019","6,93","6,61","6,93","6,58","367,29M","5,16%"
"15.04.2019","6,59","6,70","6,78","6,59","174,51M","-0,45%"
"12.04.2019","6,62","6,63","6,66","6,58","108,41M","0,00%"
"11.04.2019","6,62","6,77","6,77","6,61","157,59M","-2,22%"
"10.04.2019","6,77","6,79","6,85","6,67","172,88M","-0,44%"
"09.04.2019","6,80","6,74","6,88","6,70","154,05M","0,44%"
"08.04.2019","6,77","6,95","6,97","6,70","233,73M","-2,03%"
"04.04.2019","6,91","6,95","7,04","6,88","248,90M","-1,00%"
"03.04.2019","6,98","6,90","7,00","6,85","196,45M","0,58%"
"02.04.2019","6,94","6,99","7,05","6,89","239,84M","-0,57%"
"01.04.2019","6,98","6,90","7,09","6,86","326,19M","2,80%"
"29.03.2019","6,79","6,59","6,82","6,51","243,18M","2,41%"
"28.03.2019","6,63","6,60","6,78","6,50","165,10M","0,00%"
"27.03.2019","6,63","6,62","6,69","6,54","157,78M","0,76%"
"26.03.2019","6,58","6,82","6,87","6,54","252,92M","-3,38%"
"25.03.2019","6,81","6,83","6,92","6,80","205,03M","-2,71%"
"22.03.2019","7,00","7,11","7,12","6,89","247,42M","-1,82%"
"21.03.2019","7,13","7,18","7,23","7,07","231,13M","-0,70%"
"20.03.2019","7,18","7,15","7,40","7,05","320,87M","1,13%"
"19.03.2019","7,10","7,05","7,13","7,00","223,27M","0,42%"
"18.03.2019","7,07","6,98","7,08","6,83","293,02M","2,32%"
"15.03.2019","6,91","6,98","7,07","6,81","273,09M","-0,58%"
"14.03.2019","6,95","7,10","7,10","6,75","390,27M","-2,52%"
"13.03.2019","7,13","7,30","7,39","6,99","604,08M","-4,93%"
"12.03.2019","7,50","6,94","7,57","6,85","944,62M","9,01%"
"11.03.2019","6,88","6,42","7,06","6,42","411,48M","6,34%"
"08.03.2019","6,47","6,68","6,75","6,45","335,86M","-5,69%"
"07.03.2019","6,86","6,86","6,97","6,73","315,86M","-0,87%"
"06.03.2019","6,92","6,86","7,18","6,80","434,50M","1,02%"
"05.03.2019","6,85","6,57","6,88","6,50","451,62M","4,26%"
"04.03.2019","6,57","6,70","6,88","6,50","458,25M","0,31%"
"01.03.2019","6,55","6,50","6,59","6,37","315,67M","1,87%"
"28.02.2019","6,43","6,57","6,66","6,41","432,63M","-3,89%"
"27.02.2019","6,69","6,08","6,73","6,08","868,97M","9,31%"
"26.02.2019","6,12","6,23","6,26","6,08","342,89M","-1,77%"
"25.02.2019","6,23","6,18","6,29","6,03","512,05M","4,53%"
"22.02.2019","5,96","5,83","5,96","5,77","299,40M","2,94%"
"21.02.2019","5,79","5,80","5,93","5,76","256,23M","-0,69%"
"20.02.2019","5,83","5,77","5,86","5,71","213,50M","1,22%"
"19.02.2019","5,76","5,84","5,84","5,70","190,46M","-1,20%"
"18.02.2019","5,83","5,76","5,84","5,73","237,73M","1,75%"
"15.02.2019","5,73","5,76","5,82","5,70","162,00M","-0,17%"
"14.02.2019","5,74","5,80","5,80","5,67","249,00M","-2,21%"
"13.02.2019","5,87","5,45","5,96","5,44","428,13M","7,90%"
"12.02.2019","5,44","5,45","5,45","5,41","75,14M","0,18%"
"11.02.2019","5,43","5,36","5,45","5,36","88,62M","1,31%"
"01.02.2019","5,36","5,31","5,36","5,30","57,95M","0,94%"
"31.01.2019","5,31","5,28","5,33","5,26","61,22M","1,14%"
"30.01.2019","5,25","5,31","5,33","5,25","39,36M","-1,13%"
"29.01.2019","5,31","5,34","5,34","5,26","69,81M","-0,75%"
"28.01.2019","5,35","5,42","5,45","5,33","83,58M","-0,56%"
"25.01.2019","5,38","5,45","5,47","5,38","72,26M","-0,92%"
"24.01.2019","5,43","5,46","5,48","5,39","77,42M","-0,18%"
"23.01.2019","5,44","5,33","5,44","5,32","81,53M","1,68%"
"22.01.2019","5,35","5,39","5,40","5,34","49,65M","-1,11%"
"21.01.2019","5,41","5,37","5,45","5,36","93,94M","0,74%"
"18.01.2019","5,37","5,36","5,38","5,31","60,99M","1,13%"
"17.01.2019","5,31","5,39","5,39","5,31","50,35M","-1,12%"
"16.01.2019","5,37","5,37","5,40","5,35","53,77M","-0,74%"
"15.01.2019","5,41","5,35","5,41","5,32","87,12M","1,12%"
"14.01.2019","5,35","5,37","5,38","5,30","67,62M","-0,19%"
"11.01.2019","5,36","5,28","5,43","5,27","113,26M","2,10%"
"10.01.2019","5,25","5,28","5,30","5,21","78,78M","-0,76%"
"09.01.2019","5,29","5,28","5,42","5,26","129,60M","0,76%"
"08.01.2019","5,25","5,27","5,30","5,23","49,37M","-0,38%"
"07.01.2019","5,27","5,22","5,29","5,20","80,91M","1,35%"
"04.01.2019","5,20","5,12","5,21","5,06","66,16M","0,97%"
"03.01.2019","5,15","5,18","5,21","5,13","46,72M","-0,39%"
"02.01.2019","5,17","5,17","5,21","5,12","51,12M","0,00%"
"28.12.2018","5,17","5,14","5,20","5,11","69,75M","0,58%"
"27.12.2018","5,14","5,20","5,24","5,11","70,61M","0,00%"
"26.12.2018","5,14","5,20","5,24","5,13","51,24M","-1,72%"
"25.12.2018","5,23","5,12","5,25","5,06","77,76M","0,97%"
"24.12.2018","5,18","5,11","5,21","5,11","49,96M","0,78%"
"21.12.2018","5,14","5,14","5,16","5,08","55,01M","-0,39%"
"20.12.2018","5,16","5,19","5,22","5,12","50,20M","-0,96%"
"19.12.2018","5,21","5,22","5,25","5,20","32,86M","-0,57%"
"18.12.2018","5,24","5,22","5,27","5,16","51,94M","-0,38%"
"17.12.2018","5,26","5,24","5,28","5,21","45,74M","0,38%"
"14.12.2018","5,24","5,29","5,31","5,22","57,67M","-1,32%"
"13.12.2018","5,31","5,27","5,36","5,23","81,08M","0,95%"
"12.12.2018","5,26","5,30","5,32","5,25","36,64M","-0,19%"
"11.12.2018","5,27","5,25","5,28","5,24","39,46M","0,57%"
"10.12.2018","5,24","5,23","5,25","5,16","60,29M","-0,38%"
"07.12.2018","5,26","5,26","5,32","5,25","60,11M","0,38%"
"06.12.2018","5,24","5,29","5,29","5,22","91,69M","-2,24%"
"05.12.2018","5,36","5,38","5,40","5,35","61,48M","-1,65%"
"04.12.2018","5,45","5,43","5,46","5,40","60,44M","0,18%"
"03.12.2018","5,44","5,43","5,49","5,38","126,02M","3,03%"
"30.11.2018","5,28","5,24","5,33","5,22","62,90M","0,38%"
"29.11.2018","5,26","5,39","5,41","5,25","84,06M","-2,05%"
"28.11.2018","5,37","5,29","5,40","5,25","90,42M","1,90%"
"27.11.2018","5,27","5,26","5,34","5,24","68,54M","0,57%"
"26.11.2018","5,24","5,27","5,29","5,21","49,65M","-0,19%"
"23.11.2018","5,25","5,43","5,44","5,23","111,53M","-3,14%"
"22.11.2018","5,42","5,47","5,49","5,40","60,44M","-0,55%"
"21.11.2018","5,45","5,40","5,47","5,38","63,06M","-0,37%"
"20.11.2018","5,47","5,58","5,60","5,46","111,15M","-2,67%"
"19.11.2018","5,62","5,62","5,70","5,57","131,27M","0,54%"
"16.11.2018","5,59","5,63","5,65","5,56","134,67M","-0,71%"
"15.11.2018","5,63","5,45","5,66","5,44","191,38M","3,11%"
"14.11.2018","5,46","5,50","5,53","5,45","77,47M","-0,73%"
"13.11.2018","5,50","5,44","5,52","5,42","108,97M","0,00%"
"12.11.2018","5,50","5,36","5,52","5,36","102,38M","2,42%"
"09.11.2018","5,37","5,35","5,45","5,33","70,51M","-0,19%"
"08.11.2018","5,38","5,51","5,53","5,36","106,70M","-1,82%"
"07.11.2018","5,48","5,44","5,60","5,42","145,09M","0,55%"
"06.11.2018","5,45","5,49","5,49","5,39","79,08M","-0,73%"
"05.11.2018","5,49","5,51","5,55","5,45","87,04M","-0,54%"
"02.11.2018","5,52","5,53","5,55","5,45","141,96M","1,85%"
"01.11.2018","5,42","5,47","5,55","5,42","145,00M","0,00%"
"31.10.2018","5,42","5,38","5,47","5,36","85,37M","0,37%"
"30.10.2018","5,40","5,41","5,45","5,24","101,16M","0,00%"
"29.10.2018","5,40","5,47","5,48","5,37","79,01M","-0,55%"
"26.10.2018","5,43","5,50","5,52","5,38","79,19M","0,18%"
"25.10.2018","5,42","5,26","5,48","5,23","122,29M","0,37%"
"24.10.2018","5,40","5,31","5,54","5,31","132,89M","1,12%"
"23.10.2018","5,34","5,43","5,50","5,29","117,43M","-1,48%"
"22.10.2018","5,42","5,24","5,48","5,24","177,35M","5,65%"
"19.10.2018","5,13","4,96","5,15","4,92","103,21M","2,40%"
"18.10.2018","5,01","5,07","5,10","5,01","64,65M","-1,38%"
"17.10.2018","5,08","5,10","5,12","5,00","69,75M","1,20%"
"16.10.2018","5,02","5,06","5,12","5,00","55,61M","-0,20%"
"15.10.2018","5,03","5,09","5,15","5,02","67,62M","-0,98%"
"12.10.2018","5,08","5,02","5,14","4,93","112,05M","0,59%"
"11.10.2018","5,05","5,21","5,26","4,91","160,40M","-6,48%"
"10.10.2018","5,40","5,36","5,42","5,33","58,42M","1,12%"
"09.10.2018","5,34","5,33","5,38","5,28","67,19M","0,19%"
"08.10.2018","5,33","5,47","5,48","5,33","113,81M","-4,31%"
"28.09.2018","5,57","5,52","5,57","5,50","80,54M","1,09%"
"27.09.2018","5,51","5,57","5,57","5,49","93,53M","-1,08%"
"26.09.2018","5,57","5,55","5,63","5,51","121,46M","0,54%"
"25.09.2018","5,54","5,50","5,55","5,46","91,52M","-0,89%"
"21.09.2018","5,59","5,49","5,60","5,43","162,98M","2,19%"
"20.09.2018","5,47","5,50","5,55","5,46","90,22M","-0,36%"
"19.09.2018","5,49","5,37","5,56","5,36","148,63M","1,48%"
"18.09.2018","5,41","5,30","5,42","5,26","110,18M","1,69%"
"17.09.2018","5,32","5,43","5,45","5,31","102,49M","-2,74%"
"14.09.2018","5,47","5,55","5,55","5,45","85,72M","-1,44%"
"13.09.2018","5,55","5,50","5,55","5,41","138,06M","2,21%"
"12.09.2018","5,43","5,58","5,61","5,41","166,12M","-3,04%"
"11.09.2018","5,60","5,55","5,61","5,48","128,03M","1,08%"
"10.09.2018","5,54","5,70","5,71","5,51","162,47M","-3,32%"
"07.09.2018","5,73","5,76","5,82","5,64","227,55M","-1,38%"
"06.09.2018","5,81","5,52","5,88","5,45","393,71M","4,50%"
"05.09.2018","5,56","5,76","5,76","5,53","278,02M","1,09%"
"04.09.2018","5,50","5,45","5,52","5,41","104,02M","0,55%"
"03.09.2018","5,47","5,59","5,59","5,40","133,63M","-2,50%"
"31.08.2018","5,61","5,58","5,63","5,53","124,14M","1,08%"
"30.08.2018","5,55","5,69","5,73","5,53","146,89M","-2,97%"
"29.08.2018","5,72","5,74","5,75","5,66","101,18M","-0,69%"
"28.08.2018","5,76","5,75","5,88","5,72","171,04M","0,70%"
"27.08.2018","5,72","5,65","5,77","5,63","168,67M","1,42%"
"24.08.2018","5,64","5,66","5,68","5,61","103,36M","-1,23%"
"23.08.2018","5,71","5,63","5,77","5,60","194,02M","1,42%"
"22.08.2018","5,63","5,68","5,71","5,58","148,83M","-1,75%"
"21.08.2018","5,73","5,66","5,75","5,58","226,27M","1,42%"
"20.08.2018","5,65","5,46","5,69","5,41","289,05M","4,44%"
"17.08.2018","5,41","5,64","5,68","5,39","272,20M","-3,74%"
"16.08.2018","5,62","5,30","5,86","5,27","492,29M","5,44%"
"15.08.2018","5,33","5,40","5,44","5,30","94,01M","-1,66%"
"14.08.2018","5,42","5,47","5,49","5,38","106,38M","0,00%"
"13.08.2018","5,42","5,32","5,45","5,29","110,51M","0,56%"
"10.08.2018","5,39","5,34","5,45","5,32","112,17M","0,94%"
"09.08.2018","5,34","5,22","5,40","5,22","149,92M","1,71%"
"08.08.2018","5,25","5,30","5,36","5,24","117,90M","-1,13%"
"07.08.2018","5,31","5,19","5,32","5,15","134,14M","2,51%"
"06.08.2018","5,18","5,11","5,26","5,06","116,70M","1,37%"
"03.08.2018","5,11","5,10","5,17","5,05","63,78M","0,20%"
"02.08.2018","5,10","5,15","5,17","5,02","133,39M","-1,16%"
"01.08.2018","5,16","5,25","5,28","5,16","106,26M","-0,96%"
"31.07.2018","5,21","5,19","5,28","5,17","77,18M","0,19%"
"30.07.2018","5,20","5,23","5,27","5,16","76,81M","-0,57%"
"27.07.2018","5,23","5,19","5,28","5,16","86,58M","0,58%"
"26.07.2018","5,20","5,28","5,30","5,19","93,68M","-1,33%"
"25.07.2018","5,27","5,29","5,35","5,24","119,10M","-1,13%"
"24.07.2018","5,33","5,14","5,45","5,12","280,77M","3,50%"
"23.07.2018","5,15","5,00","5,18","4,97","174,18M","2,39%"
"20.07.2018","5,03","5,00","5,05","4,92","124,43M","1,21%"
"19.07.2018","4,97","4,92","4,98","4,89","91,16M","1,22%"
"18.07.2018","4,91","4,98","5,01","4,90","74,99M","-1,21%"
"17.07.2018","4,97","4,99","4,99","4,92","81,41M","-0,80%"
"16.07.2018","5,01","4,93","5,04","4,91","134,07M","1,21%"
"13.07.2018","4,95","4,95","4,96","4,88","100,80M","0,00%"
"12.07.2018","4,95","4,84","5,02","4,83","181,24M","3,34%"
"11.07.2018","4,79","4,84","4,85","4,75","104,38M","-3,04%"
"10.07.2018","4,94","4,84","4,95","4,82","133,71M","1,86%"
"09.07.2018","4,85","4,78","4,86","4,77","92,23M","1,68%"
"06.07.2018","4,77","4,74","4,82","4,65","94,90M","1,06%"
"05.07.2018","4,72","4,79","4,84","4,70","80,16M","-1,87%"
"04.07.2018","4,81","4,86","4,90","4,79","62,47M","-1,64%"
"03.07.2018","4,89","4,80","4,92","4,75","94,01M","1,87%"
"02.07.2018","4,80","4,92","4,92","4,75","83,66M","-2,44%"
"29.06.2018","4,92","4,83","4,94","4,80","90,32M","2,07%"
"28.06.2018","4,82","4,75","4,92","4,75","102,87M","0,84%"
"27.06.2018","4,78","4,81","4,85","4,76","66,81M","-0,62%"
"26.06.2018","4,81","4,75","4,84","4,63","83,50M","0,63%"
"25.06.2018","4,78","4,93","4,95","4,77","86,77M","-2,45%"
"22.06.2018","4,90","4,83","4,91","4,77","93,11M","1,03%"
"21.06.2018","4,85","4,98","4,99","4,84","120,05M","-2,81%"
"20.06.2018","4,99","4,94","5,04","4,88","104,09M","0,20%"
"19.06.2018","4,98","5,28","5,30","4,82","214,18M","-6,92%"
"15.06.2018","5,35","5,36","5,39","5,31","73,49M","-0,37%"
"14.06.2018","5,37","5,31","5,42","5,31","58,02M","0,56%"
"13.06.2018","5,34","5,42","5,44","5,34","79,72M","-2,55%"
"12.06.2018","5,48","5,36","5,48","5,31","94,82M","2,62%"
"11.06.2018","5,34","5,31","5,38","5,29","52,31M","0,00%"
"08.06.2018","5,34","5,47","5,47","5,31","105,25M","-2,38%"
"07.06.2018","5,47","5,47","5,53","5,46","70,70M","0,00%"
"06.06.2018","5,47","5,50","5,51","5,44","63,98M","-0,73%"
"05.06.2018","5,51","5,49","5,52","5,41","81,82M","0,55%"
"04.06.2018","5,48","5,46","5,54","5,46","74,14M","0,92%"
"01.06.2018","5,43","5,43","5,52","5,38","79,47M","0,00%"
"31.05.2018","5,43","5,41","5,47","5,36","86,31M","1,88%"
"30.05.2018","5,33","5,49","5,49","5,32","149,08M","-4,14%"
"29.05.2018","5,56","5,67","5,73","5,55","120,24M","-2,46%"
"28.05.2018","5,70","5,72","5,79","5,66","85,43M","-0,35%"
"25.05.2018","5,72","5,88","5,91","5,72","147,90M","-3,21%"
"24.05.2018","5,91","5,87","5,95","5,81","141,20M","0,17%"
"23.05.2018","5,90","5,96","5,97","5,83","156,81M","-1,50%"
"22.05.2018","5,99","5,97","6,00","5,91","154,82M","-0,17%"
"21.05.2018","6,00","5,85","6,08","5,83","293,35M","3,09%"
"18.05.2018","5,82","5,76","5,82","5,72","87,56M","1,04%"
"17.05.2018","5,76","5,80","5,85","5,74","84,69M","-0,69%"
"16.05.2018","5,80","5,86","5,90","5,78","130,36M","-1,69%"
"15.05.2018","5,90","5,75","5,90","5,71","181,25M","2,61%"
"14.05.2018","5,75","5,71","5,81","5,70","138,31M","1,23%"
"11.05.2018","5,68","5,82","5,82","5,66","141,88M","-2,24%"
"10.05.2018","5,81","5,87","5,91","5,74","139,59M","-0,85%"
"09.05.2018","5,86","5,91","6,01","5,84","176,09M","-1,68%"
"08.05.2018","5,96","5,85","6,03","5,79","258,67M","1,53%"
"07.05.2018","5,87","5,81","5,92","5,80","189,30M","0,34%"
"04.05.2018","5,85","5,72","5,92","5,66","257,49M","1,92%"
"03.05.2018","5,74","5,74","5,76","5,56","150,90M","0,70%"
"02.05.2018","5,70","5,75","5,84","5,63","138,57M","-0,18%"
"27.04.2018","5,71","5,75","5,81","5,66","165,25M","0,53%"
"26.04.2018","5,68","5,72","5,78","5,62","186,88M","-1,05%"
"25.04.2018","5,74","5,59","5,90","5,57","346,56M","1,41%"
"24.04.2018","5,66","5,58","5,72","5,53","362,64M","1,43%"
"23.04.2018","5,58","5,14","5,58","5,13","471,32M","10,06%"
"20.04.2018","5,07","5,20","5,21","5,06","112,29M","-2,69%"
"19.04.2018","5,21","5,22","5,26","5,17","93,80M","0,00%"
"18.04.2018","5,21","5,32","5,34","5,09","162,93M","-1,51%"
"17.04.2018","5,29","5,47","5,49","5,26","136,20M","-3,29%"
"16.04.2018","5,47","5,56","5,58","5,44","110,73M","-2,15%"
"13.04.2018","5,59","5,61","5,65","5,56","61,07M","0,00%"
"12.04.2018","5,59","5,65","5,65","5,58","76,15M","-1,24%"
"11.04.2018","5,66","5,68","5,71","5,63","99,55M","-0,18%"
"10.04.2018","5,67","5,59","5,68","5,54","103,57M","1,80%"
"09.04.2018","5,57","5,58","5,62","5,52","93,90M","-0,18%"
"04.04.2018","5,58","5,65","5,69","5,56","92,02M","-1,24%"
"03.04.2018","5,65","5,62","5,68","5,56","118,93M","-0,88%"
"02.04.2018","5,70","5,79","5,81","5,68","102,26M","-1,21%"
"30.03.2018","5,77","5,83","5,83","5,75","77,87M","-0,17%"
"29.03.2018","5,78","5,71","5,82","5,67","107,60M","1,76%"
"28.03.2018","5,68","5,70","5,79","5,65","98,62M","-1,90%"
"27.03.2018","5,79","5,69","5,84","5,69","150,86M","2,84%"
"26.03.2018","5,63","5,63","5,65","5,45","130,58M","-0,71%"
"23.03.2018","5,67","5,90","5,93","5,56","257,07M","-6,59%"
"22.03.2018","6,07","6,15","6,17","6,06","102,32M","-0,98%"
"21.03.2018","6,13","6,14","6,23","6,12","121,79M","-0,16%"
"20.03.2018","6,14","6,11","6,15","6,08","93,18M","-0,32%"
"19.03.2018","6,16","6,19","6,21","6,14","80,31M","-0,16%"
"16.03.2018","6,17","6,25","6,27","6,16","113,29M","-0,96%"
"15.03.2018","6,23","6,16","6,28","6,15","113,79M","0,65%"
"14.03.2018","6,19","6,23","6,25","6,18","110,31M","-1,12%"
"13.03.2018","6,26","6,35","6,35","6,24","124,25M","-1,57%"
"12.03.2018","6,36","6,36","6,38","6,30","154,93M","0,95%"
"09.03.2018","6,30","6,23","6,30","6,20","141,27M","1,29%"
"08.03.2018","6,22","6,17","6,26","6,17","87,43M","0,48%"
"07.03.2018","6,19","6,28","6,30","6,18","120,68M","-1,90%"
"06.03.2018","6,31","6,32","6,32","6,15","214,19M","-1,10%"
"05.03.2018","6,38","6,43","6,50","6,34","121,48M","-0,93%"
"02.03.2018","6,44","6,37","6,57","6,34","145,15M","0,62%"
"01.03.2018","6,40","6,38","6,49","6,34","124,16M","-0,31%"
"28.02.2018","6,42","6,41","6,51","6,35","130,46M","-0,47%"
"27.02.2018","6,45","6,52","6,54","6,43","138,75M","-0,92%"
"26.02.2018","6,51","6,33","6,56","6,27","250,19M","3,50%"
"23.02.2018","6,29","6,27","6,37","6,22","130,42M","0,64%"
"22.02.2018","6,25","6,19","6,27","6,16","135,91M","1,96%"
"14.02.2018","6,13","6,14","6,15","6,04","88,37M","0,33%"
"13.02.2018","6,11","6,21","6,26","6,09","156,23M","-0,33%"
"12.02.2018","6,13","6,07","6,19","6,06","163,53M","2,00%"
"09.02.2018","6,01","6,35","6,38","5,89","333,11M","-7,96%"
"08.02.2018","6,53","6,50","6,62","6,46","130,55M","0,15%"
"07.02.2018","6,52","6,64","6,69","6,36","245,22M","0,15%"
"06.02.2018","6,51","6,69","6,82","6,43","290,43M","-5,65%"
"05.02.2018","6,90","6,71","6,98","6,67","251,56M","0,88%"
"02.02.2018","6,84","6,71","6,86","6,63","202,59M","2,09%"
"01.02.2018","6,70","6,96","7,04","6,68","265,49M","-4,01%"
"31.01.2018","6,98","6,91","7,07","6,87","199,79M","1,01%"
"30.01.2018","6,91","7,11","7,19","6,91","231,61M","-3,22%"
"29.01.2018","7,14","7,24","7,42","7,10","290,39M","-1,52%"
"26.01.2018","7,25","7,23","7,27","7,16","248,84M","-0,28%"
"25.01.2018","7,27","7,00","7,40","6,98","573,37M","4,60%"
"24.01.2018","6,95","7,03","7,10","6,89","300,42M","-0,14%"
"23.01.2018","6,96","6,82","6,97","6,77","286,05M","1,61%"
"22.01.2018","6,85","6,92","6,94","6,80","208,99M","-0,58%"
"19.01.2018","6,89","6,86","6,95","6,79","305,78M","0,58%"
"18.01.2018","6,85","6,77","6,86","6,75","306,30M","0,59%"
"17.01.2018","6,81","6,49","6,83","6,43","473,54M","5,26%"
"16.01.2018","6,47","6,39","6,50","6,38","116,74M","0,94%"
"15.01.2018","6,41","6,60","6,60","6,39","209,77M","-3,32%"
"12.01.2018","6,63","6,70","6,71","6,61","150,98M","-1,49%"
"11.01.2018","6,73","6,66","6,80","6,65","172,85M","0,75%"
"10.01.2018","6,68","6,78","6,79","6,65","186,09M","-1,62%"
"09.01.2018","6,79","6,81","6,83","6,75","140,38M","-0,59%"
"08.01.2018","6,83","6,70","6,83","6,65","228,87M","1,49%"
"05.01.2018","6,73","6,66","6,83","6,63","252,18M","0,75%"
"04.01.2018","6,68","6,70","6,73","6,62","162,58M","-0,30%"
"03.01.2018","6,70","6,44","6,75","6,41","344,38M","4,04%"
"02.01.2018","6,44","6,35","6,45","6,34","155,84M","1,74%"
"29.12.2017","6,33","6,41","6,42","6,30","167,53M","-1,25%"
"28.12.2017","6,41","6,49","6,51","6,37","173,97M","-1,54%"
"27.12.2017","6,51","6,61","6,61","6,48","156,16M","-1,51%"
"26.12.2017","6,61","6,52","6,62","6,49","127,46M","1,38%"
"25.12.2017","6,52","6,63","6,68","6,51","109,68M","-1,66%"
"22.12.2017","6,63","6,67","6,73","6,62","110,81M","-0,75%"
"21.12.2017","6,68","6,56","6,73","6,47","220,31M","1,37%"
"20.12.2017","6,59","6,77","6,77","6,57","187,28M","-2,66%"
"19.12.2017","6,77","6,72","6,78","6,70","120,07M","0,89%"
"18.12.2017","6,71","6,85","6,90","6,67","189,60M","-1,76%"
"15.12.2017","6,83","6,94","6,95","6,81","224,67M","-1,87%"
"14.12.2017","6,96","7,00","7,02","6,92","116,15M","-0,43%"
"13.12.2017","6,99","6,95","7,04","6,93","111,77M","0,58%"
"12.12.2017","6,95","7,06","7,07","6,94","153,88M","-1,70%"
"11.12.2017","7,07","7,00","7,08","6,96","197,43M","1,29%"
"08.12.2017","6,98","6,93","7,04","6,91","170,45M","0,72%"
"07.12.2017","6,93","6,98","7,03","6,93","140,57M","-1,14%"
"06.12.2017","7,01","7,02","7,04","6,91","203,50M","-0,57%"
"05.12.2017","7,05","7,10","7,11","6,99","197,75M","-0,98%"
"04.12.2017","7,12","7,04","7,19","7,03","205,56M","1,14%"
"01.12.2017","7,04","6,96","7,12","6,96","191,18M","1,15%"
"30.11.2017","6,96","7,07","7,08","6,95","249,67M","-1,42%"
"29.11.2017","7,06","7,17","7,19","6,98","291,60M","-1,53%"
"28.11.2017","7,17","7,06","7,20","7,02","332,12M","0,70%"
"27.11.2017","7,12","7,71","7,71","7,05","604,77M","-8,48%"
"24.11.2017","7,78","8,10","8,14","7,76","524,65M","-5,01%"
"23.11.2017","8,19","8,22","8,44","8,11","690,52M","0,12%"
"22.11.2017","8,18","8,18","8,37","8,11","531,44M","-0,61%"
"21.11.2017","8,23","8,07","8,25","7,96","600,19M","1,48%"
"20.11.2017","8,11","7,81","8,12","7,74","422,65M","1,76%"
"17.11.2017","7,97","7,98","8,24","7,92","550,62M","0,25%"
"16.11.2017","7,95","7,95","8,02","7,81","271,15M","-0,75%"
"15.11.2017","8,01","7,81","8,12","7,79","391,62M","2,04%"
"14.11.2017","7,85","8,21","8,22","7,81","551,10M","-4,73%"
"13.11.2017","8,24","8,25","8,28","8,14","324,92M","-0,12%"
"10.11.2017","8,25","8,15","8,28","8,12","469,75M","0,73%"
"09.11.2017","8,19","7,86","8,22","7,81","592,47M","4,20%"
"08.11.2017","7,86","7,94","8,04","7,82","461,08M","-1,38%"
"07.11.2017","7,97","7,59","7,98","7,57","669,97M","5,28%"
"06.11.2017","7,57","7,47","7,58","7,34","317,19M","1,47%"
"03.11.2017","7,46","7,62","7,65","7,37","375,42M","-2,48%"
"02.11.2017","7,65","7,80","7,88","7,60","386,21M","-1,92%"
"01.11.2017","7,80","7,65","7,93","7,60","551,96M","2,09%"
"31.10.2017","7,64","7,60","7,68","7,51","372,66M","-0,13%"
"30.10.2017","7,65","7,35","7,65","7,25","708,68M","4,08%"
"27.10.2017","7,35","7,20","7,52","7,20","621,62M","3,09%"
"26.10.2017","7,13","7,06","7,15","7,05","164,96M","0,71%"
"25.10.2017","7,08","7,06","7,15","7,02","119,50M","0,28%"
"24.10.2017","7,06","7,10","7,11","7,01","129,87M","-0,84%"
"23.10.2017","7,12","7,03","7,15","6,97","218,38M","1,86%"
"20.10.2017","6,99","6,97","7,03","6,95","153,64M","1,01%"
"19.10.2017","6,92","7,15","7,15","6,92","279,92M","-3,35%"
"18.10.2017","7,16","7,21","7,26","7,13","134,85M","-0,69%"
"17.10.2017","7,21","7,18","7,24","7,15","117,21M","0,00%"
"16.10.2017","7,21","7,28","7,38","7,20","201,03M","-0,55%"
"13.10.2017","7,25","7,27","7,30","7,22","171,06M","-0,96%"
"12.10.2017","7,32","7,19","7,41","7,14","403,63M","2,38%"
"11.10.2017","7,15","7,18","7,20","7,08","271,28M","-0,69%"
"10.10.2017","7,20","7,27","7,32","7,15","335,70M","-1,23%"
"09.10.2017","7,29","7,51","7,53","7,26","420,94M","-1,75%"
"29.09.2017","7,42","7,45","7,49","7,34","252,97M","-0,27%"
"28.09.2017","7,44","7,50","7,56","7,43","262,83M","-0,40%"
"27.09.2017","7,47","7,29","7,50","7,27","337,42M","2,05%"
"26.09.2017","7,32","7,19","7,36","7,17","260,11M","1,95%"
"25.09.2017","7,18","7,39","7,40","7,16","306,83M","-3,10%"
"22.09.2017","7,41","7,42","7,51","7,36","297,35M","-0,94%"
"21.09.2017","7,48","7,25","7,65","7,22","778,12M","3,74%"
"20.09.2017","7,21","7,25","7,33","7,20","327,15M","-0,55%"
"19.09.2017","7,25","7,28","7,32","7,19","312,60M","-0,96%"
"18.09.2017","7,32","7,35","7,40","7,13","547,91M","0,14%"
"15.09.2017","7,31","7,49","7,49","7,30","322,85M","-2,27%"
"14.09.2017","7,48","7,50","7,57","7,46","214,49M","0,00%"
"13.09.2017","7,48","7,57","7,57","7,47","203,86M","-1,32%"
"12.09.2017","7,58","7,56","7,64","7,51","295,24M","0,53%"
"11.09.2017","7,54","7,71","7,75","7,50","436,54M","-2,58%"
"08.09.2017","7,74","7,86","7,89","7,72","221,49M","-2,15%"
"07.09.2017","7,91","7,86","7,99","7,78","278,27M","0,38%"
"06.09.2017","7,88","7,85","7,95","7,75","297,20M","-0,13%"
"05.09.2017","7,89","8,04","8,04","7,88","308,34M","-1,99%"
"04.09.2017","8,05","7,91","8,08","7,88","389,49M","1,13%"
"01.09.2017","7,96","8,04","8,13","7,91","429,61M","-1,00%"
"31.08.2017","8,04","8,14","8,19","7,93","544,61M","-1,95%"
"30.08.2017","8,20","8,33","8,38","8,10","472,18M","-1,68%"
"29.08.2017","8,34","8,34","8,42","8,24","385,13M","-0,12%"
"28.08.2017","8,35","8,32","8,46","8,20","529,77M","-0,36%"
"25.08.2017","8,38","8,29","8,52","8,16","563,78M","0,24%"
"24.08.2017","8,36","8,80","8,85","8,22","859,12M","-6,70%"
"23.08.2017","8,96","9,10","9,29","8,91","980,47M","-0,88%"
"22.08.2017","9,04","9,04","9,04","8,80","692,20M","9,98%"
"21.08.2017","8,22","8,22","8,22","8,22","21,81M","10,04%"
"31.03.2017","7,47","7,32","7,53","7,32","125,69M","1,77%"
"30.03.2017","7,34","7,40","7,55","7,32","153,21M","-1,21%"
"29.03.2017","7,43","7,40","7,58","7,36","160,83M","-0,13%"
"28.03.2017","7,44","7,52","7,54","7,30","179,09M","-1,20%"
"27.03.2017","7,53","7,65","7,71","7,51","175,58M","-1,70%"
"24.03.2017","7,66","7,83","7,85","7,62","254,92M","-1,67%"
"23.03.2017","7,79","7,66","7,82","7,61","254,64M","1,70%"
"22.03.2017","7,66","7,62","7,74","7,42","231,21M","0,00%"
"21.03.2017","7,66","7,71","7,74","7,62","147,35M","-1,42%"
"20.03.2017","7,77","7,78","7,90","7,62","239,12M","0,00%"
"17.03.2017","7,77","7,66","7,96","7,58","422,08M","1,04%"
"16.03.2017","7,69","7,50","7,74","7,45","311,23M","2,81%"
"15.03.2017","7,48","7,38","7,57","7,32","244,81M","1,36%"
"14.03.2017","7,38","7,36","7,48","7,36","178,51M","-0,40%"
"13.03.2017","7,41","7,73","7,74","7,35","426,66M","-4,76%"
"10.03.2017","7,78","7,75","7,84","7,55","300,78M","0,39%"
"09.03.2017","7,75","7,61","7,85","7,59","407,91M","0,65%"
"08.03.2017","7,70","7,17","7,88","7,11","677,36M","7,54%"
"07.03.2017","7,16","7,37","7,55","7,14","363,82M","-0,69%"
"06.03.2017","7,21","7,05","7,29","6,99","175,70M","1,84%"
"03.03.2017","7,08","7,06","7,18","6,98","169,18M","-0,56%"
"02.03.2017","7,12","7,19","7,34","7,08","201,58M","-0,97%"
"01.03.2017","7,19","6,99","7,40","6,97","370,08M","2,28%"
"28.02.2017","7,03","7,03","7,06","6,84","212,50M","0,00%"
"27.02.2017","7,03","7,00","7,13","6,93","255,20M","-0,71%"
"24.02.2017","7,08","6,55","7,20","6,53","477,61M","8,09%"
"23.02.2017","6,55","6,58","6,61","6,52","84,85M","-0,61%"
"22.02.2017","6,59","6,57","6,64","6,53","94,92M","0,00%"
"21.02.2017","6,59","6,52","6,68","6,50","132,29M","0,76%"
"20.02.2017","6,54","6,45","6,59","6,41","125,28M","0,62%"
"17.02.2017","6,50","6,69","6,71","6,48","210,52M","-3,42%"
"16.02.2017","6,73","6,74","6,78","6,66","130,12M","0,00%"
"15.02.2017","6,73","6,83","6,83","6,71","127,69M","-1,32%"
"14.02.2017","6,82","6,83","6,88","6,75","123,75M","-0,29%"
"13.02.2017","6,84","6,72","6,87","6,70","140,57M","0,88%"
"10.02.2017","6,78","6,78","6,95","6,74","204,20M","-0,15%"
"09.02.2017","6,79","6,75","6,82","6,72","189,76M","0,00%"
"08.02.2017","6,79","6,49","6,84","6,45","332,57M","4,46%"
"07.02.2017","6,50","6,48","6,60","6,42","133,65M","-0,31%"
"06.02.2017","6,52","6,51","6,54","6,35","173,14M","0,00%"
"03.02.2017","6,52","6,51","6,62","6,51","107,87M","-0,31%"
"26.01.2017","6,54","6,50","6,61","6,45","172,33M","-0,61%"
"25.01.2017","6,58","6,30","6,63","6,25","270,57M","3,95%"
"24.01.2017","6,33","6,34","6,39","6,30","125,22M","-0,31%"
"23.01.2017","6,35","6,30","6,39","6,28","132,43M","0,47%"
"20.01.2017","6,32","6,25","6,39","6,15","187,09M","0,64%"
"19.01.2017","6,28","6,55","6,60","6,22","267,17M","-5,14%"
"18.01.2017","6,62","6,58","6,74","6,57","172,84M","0,76%"
"17.01.2017","6,57","6,50","6,60","6,41","192,42M","-0,30%"
"16.01.2017","6,59","6,59","6,68","6,20","424,16M","-0,75%"
"13.01.2017","6,64","6,60","6,80","6,58","204,05M","-0,60%"
"12.01.2017","6,68","6,78","6,87","6,53","355,84M","-3,33%"
"11.01.2017","6,91","7,48","7,52","6,79","495,88M","-8,48%"
"10.01.2017","7,55","7,67","7,80","7,52","215,23M","-2,08%"
"09.01.2017","7,71","7,66","7,78","7,51","226,37M","0,39%"
"06.01.2017","7,68","7,75","7,87","7,62","281,33M","-2,17%"
"05.01.2017","7,85","7,39","7,86","7,37","360,22M","5,51%"
"04.01.2017","7,44","7,40","7,48","7,30","200,96M","0,00%"
"03.01.2017","7,44","7,25","7,56","7,22","242,31M","1,92%"